VerdyBaby,1242581428,  baby  ,
VIVA_LA_SUE_SUE,1242605226,  dog  ,
BJ_Loves_U_Too,1242640325,  ass  ,
Kyle270,1242993518,  baby  ,
SturmDM,1243623195,  square  ,
thatlass,1243628718,  dog  ,
joeboyfresh,1243709386,  fuck  ,
whitmcclellan,1243725590,  dog  ,
jave92,1243726600,  fuck    cunt  ,
zoesalbahe,1243748100,  dog  ,
SallytheShizzle,1243754889,  swine  ,
zoesalbahe,1243759163,  dog  ,
iAmTarynItUp,1243779615,  original  ,
Mr_McFox,1243813379,  baby  ,
mrs_mcsupergirl,1243838603,  fake  ,
Kyle270,1243874643,  baby  ,
irockCapo,1243924917,  dog  ,
alexrapa,1244283100,  fuck    fuck    fuck  ,
JoacoRodini,1244287602,  dog  ,
TheyCallMeLes,1244334704,  bitch  ,
Mz_SheenaBaby,1244340038,  ass    ass  ,
kennypham,1244379656,  nobody  ,
wolfpackbask13,1244384900,  baby  ,
Fluffy_Cupycake,1244425100,  fuck  ,
MsStaceyK,1244426987,  fuck    devil  ,
SpanishKabob,1245121003,  chicken  ,
Georgieboo,1245162393,  ass  ,
Lizfig3,1245163001,  dog  ,
attyattygyal,1245234407,  baby  ,
AdubbFFamous,1245278680,  bitch  ,
Kelndan,1245301866,  lucky  ,
macbella2,1245355734,  butt  ,
aussiemcflyfan,1245405609,  dog    dog  ,
aussiemcflyfan,1245407524,  dog    dog  ,
aussiemcflyfan,1245410883,  dog  ,
andie_12,1245454538,  monkey    devil  ,
ITsZxKIMMIE,1245469821,  dog  ,
mrcelebrity,1245473272,  fellow  ,
Stephie_Queen,1245484913,  ass  ,
Stephie_Queen,1245486711,  baby  ,
molly_97,1245522266,  swine  ,
molly_97,1245522529,  swine  ,
NeurotikAbn,1245567350,  bitch  ,
theguiltshow,1245572465,  baby  ,
othbugs,1245582140,  fake  ,
theguiltshow,1245597547,  baby  ,
FLYCHICK89,1245910035,  dog  ,
StDAY,1239088445,  nobody  ,
MrTHill,1239093857,  fish  ,
revjesse,1239098303,  idiot  ,
flamingokitty,1239103186,  ghost  ,
smartestgames,1239109477,  balls  ,
DWsRoseC,1240099434,  dog  ,
spyke2008,1240114020,  dog  ,
redchinese19,1240121263,  fuck  ,
ashleymiranda1,1240121263,  ass  ,
GucciLipgloss,1240123647,  baby  ,
rj,1240125472,  fuck  ,
kasey79,1240132109,  lucky  ,
monnie,1240133282,  baby  ,
shutupmeg,1240140183,  fuck  ,
SarahSaner,1240141111,  arse  ,
MrsMcFlyGrimmy,1240155301,  chicken  ,
gummibunny24,1240208553,  baby  ,
HolyCowFC,1240211571,  cow  ,
torilovesbradie,1240216667,  lucky  ,
nuttychris,1240217590,  bitch  ,
MandyPandy32,1240223311,  baby  ,
redchinese19,1240226632,  fuck  ,
Dogbook,1240231482,  baby  ,
xo_Mikaela_xo,1240237209,  devil  ,
loucan,1240238112,  dog  ,
Dutchrudder,1240300525,  fish  ,
Hollywood_Trey,1240304766,  lucky  ,
loucan,1240308117,  dog  ,
loucan,1240309583,  dog    dog  ,
sebby_peek,1241235652,  baby  ,
aussiemcflyfan,1241237727,  baby    baby  ,
Djalfy,1241247356,  ass  ,
SUGARvampchick,1241247638,  baby  ,
shen_nanigans,1241251261,  homo  ,
Dutchrudder,1241255486,  baby  ,
clarisseee,1241259136,  swine  ,
PinkElephant73,1241265458,  fish  ,
shaunau,1241266626,  bastard  ,
JustJamie,1241269345,  whore  ,
Jodz101,1241281124,  ghost  ,
angielaaa,1241285907,  baby  ,
hollyalyxfinch,1241288309,  lucky    square  ,
cloverdash,1241293990,  criminal  ,
h2o_x,1241294599,  arse  ,
maryxalicexhale,1241327032,  ass  ,
kasey79,1241333716,  lucky  ,
HeartBreakV,1241340097,  ass  ,
LyndseyJayne,1241349745,  lucky  ,
ShesElectric_,1241364956,  fellow  ,
sebby_peek,1241403373,  baby  ,
coliwilso,1241411814,  arse  ,
Spidersamm,1241417222,  butt  ,
Dutchrudder,1241425638,  fuck  ,
jaybranch,1241428980,  drinker  ,
krapposelli,1241438602,  ass  ,
lazy_vLF,1241928388,  baby  ,
PinkElephant73,1241930502,  fish  ,
aussiemcflyfan,1241939242,  lucky  ,
twebbstack,1241946717,  fuck    fuck  ,
Dogbook,1241964522,  baby  ,
iamdahsar,1241971467,  baby  ,
MCbutterflyfan,1242011500,  baby  ,
is_selene,1242013004,  chicken  ,
normaltusker,1242288413,  original  ,
KatyHarwood01,1242296225,  baby  ,
Kyle270,1242301317,  baby  ,
ChaosAD,1242308870,  monkey  ,
Yushimi,1242535810,  bum  ,
judez_xo,1242541543,  baby  ,
Dutchrudder,1242547510,  fuck  ,
janine_j9,1242565002,  baby  ,
KrisColvin,1242567442,  rowdy  ,
firesty,1242570158,  baby  ,
BitchenFries,1242574663,  pig  ,
MTVnHollyWEST23,1242582777,  pack  ,
Dutchrudder,1242583015,  whore  ,
Dutchrudder,1242583209,  dog  ,
gummibunny24,1242584504,  baby  ,
Dutchrudder,1242585360,  dog  ,
janine_j9,1242585688,  gangster  ,
Ayla_F,1242586547,  fish  ,
Dutchrudder,1242586737,  baby    dog  ,
chachada1,1242628235,  ass  ,
nettyp,1242638026,  fuck  ,
Dutchrudder,1242638973,  baby  ,
primatage,1242639106,  retard  ,
curlydena,1242639123,  chicken  ,
xoxmillyxox,1242639336,  baby  ,
Kyle270,1242642969,  baby  ,
Kyle270,1242643453,  baby  ,
Dutchrudder,1242643962,  sack  ,
exortabreedoll,1242644449,  baby  ,
oinkflu,1242645025,  swine  ,
MrsGabrielGray_,1242645528,  asshole  ,
loris_sl,1242646228,  dog  ,
hollyalyxfinch,1242650128,  lucky  ,
alyssacee,1242651109,  chicken  ,
nettyp,1242653330,  whore  ,
whatswhat_sian,1242983610,  dog  ,
krist0ph3r,1242985652,  fake  ,
Kyle270,1242991684,  baby  ,
ashleigh92,1242996651,  baby  ,
torilovesbradie,1242996651,  lucky  ,
torilovesbradie,1242996773,  chicken  ,
kellz326,1243000129,  baby  ,
PrincessSakura,1243001016,  witch  ,
DaisyFab,1243003932,  ass  ,
stevegarufi,1243004632,  pig  ,
Alska,1243006115,  lucky  ,
MsJerzi,1243006958,  baby  ,
SallytheShizzle,1243569990,  swine  ,
joeboyfresh,1243576855,  fuck  ,
mella02,1243578317,  baby  ,
Mcrkidd,1243580016,  bandit  ,
torilovesbradie,1243583637,  baby  ,
DaisyFab,1243585432,  balls  ,
Dutchrudder,1243585782,  baby  ,
Dutchrudder,1243608372,  fish  ,
whatswhat_sian,1243608837,  dog  ,
SUGARvampchick,1243608838,  idiot  ,
shutupmeg,1243613665,  chicken  ,
JeremyCShipp,1243624761,  lucky  ,
iAmTarynItUp,1243630331,  nobody  ,
kat_n,1243632154,  stripper  ,
SongoftheOss,1243633973,  bugger  ,
BBRRIITTTTYY,1243636817,  dog  ,
hollyalyxfinch,1243637190,  baby  ,
SUGARvampchick,1243646727,  bitch  ,
tommyreyes,1243652351,  ass  ,
VerdyBaby,1243656828,  baby  ,
VerdyBaby,1243665762,  baby  ,
luckygnahhh,1243667189,  ass  ,
ianibbo,1243669158,  cow  ,
mel95,1243669269,  ghost    ghost  ,
mr_apollo,1243674700,  ass  ,
SongoftheOss,1243675981,  lucky  ,
mel95,1243677217,  baby  ,
so_zwitschert,1243678671,  chicken  ,
blath,1243678878,  dog  ,
OUBad,1243684901,  bitch  ,
maryrivss,1243687342,  dog  ,
nessie_111,1243687822,  gorilla  ,
ahmier,1243697725,  fake  ,
SimplyMe28,1243698933,  ass  ,
ninnoart,1243699888,  freak  ,
C_Joy,1243701079,  lucky  ,
mr_apollo,1243703748,  ass  ,
mr_apollo,1243705831,  fuck  ,
Willbeatz01,1243706557,  devil  ,
luckygnahhh,1243711256,  baby  ,
baldeggie,1243717513,  ass  ,
lizvengeance,1243719813,  ass  ,
LuvTwilight1632,1243721273,  butt  ,
DaReal_KEEKSZ,1243725244,  baby    baby  ,
funkyfairy24,1243727164,  baby  ,
pdurham,1243727785,  ass  ,
hollyhalvorsen,1243728013,  butt  ,
ArieleMoonfire,1243728243,  cow  ,
Willbeatz01,1243728498,  devil  ,
judez_xo,1243728845,  grumpy  ,
kgascoine,1243729463,  lucky  ,
nikcz,1243735213,  ass  ,
shutupmeg,1243735694,  fuck  ,
MCbutterflyfan,1243741494,  dog  ,
shutupmeg,1243743074,  fuck  ,
rehes,1243745962,  ass  ,
queend329,1243747044,  bitch  ,
lisisilveira,1243747659,  lucky  ,
endlessblush,1243748973,  lucky  ,
tsarnick,1243751622,  donkey  ,
ladyspeaker,1243751741,  brownie  ,
shermincheong,1243751747,  fish  ,
neosolrkstr,1243753428,  lucky  ,
HappyCassie,1243754175,  dog  ,
Sidney96,1243754656,  lucky    unlike  ,
blitzkilla,1243755727,  ass  ,
chantellmarie,1243755968,  ass  ,
DaisyFab,1243756437,  fuck    original  ,
Mia_R,1243757424,  baby  ,
Mia_R,1243757532,  frog    chicken  ,
khughes94,1243759435,  chicken  ,
blitzkilla,1243761384,  ass  ,
Willbeatz01,1243761588,  devil  ,
kiannabanks,1243761937,  freak  ,
AreonLee,1243765694,  dog  ,
rorambenjimouse,1243777899,  fuck  ,
SongoftheOss,1243778755,  fish    fish  ,
FrunkityMidori,1243778759,  lucky    lucky  ,
annedaigler9,1243779586,  baby  ,
Willbeatz01,1243779852,  devil  ,
DIYSara,1243779963,  dog  ,
Willbeatz01,1243780199,  devil  ,
showmyface,1243782904,  ass  ,
rbflygal,1243789048,  fucker  ,
Quimo,1243790618,  baby  ,
felicityfuller,1243791830,  baby  ,
DonniesGirl69,1243793383,  ass  ,
beckyhope,1243794832,  bitch  ,
alemirandac,1243795435,  lucky  ,
AritheMack,1243796898,  ass  ,
NickyMcB,1243798838,  baby  ,
Brandieee,1243808019,  chicken  ,
Soph4Soph,1243810684,  dumbo  ,
rbflygal,1243814888,  ass  ,
likethedisease,1243816219,  ass  ,
minxkitty,1243817553,  baby  ,
SinnamonLove,1243837049,  devil  ,
lizamtl,1243838127,  fish  ,
pleasebemine,1243838266,  lucky  ,
ElectricBabe,1243840791,  lucky  ,
torilovesbradie,1243845817,  swine  ,
SmileyRose,1243851142,  monster  ,
SmileyRose,1243851534,  monster  ,
Kyle270,1243851756,  baby  ,
Kyle270,1243852507,  baby  ,
ashleigh92,1243853572,  baby  ,
rachelfarrall,1243854088,  ass  ,
Kyle270,1243854287,  baby  ,
Kyle270,1243855654,  baby  ,
Kaydeescrafts,1243864101,  bitch  ,
Kyle270,1243866277,  baby  ,
ashleigh92,1243872471,  baby  ,
GlennW,1243872939,  monkey  ,
RubMyDucky,1243876340,  fellow  ,
ryanr09,1243879357,  dog  ,
Vered_H,1243880940,  baby  ,
wowshaggy,1243886010,  chicken  ,
hannahkin,1243888218,  lucky  ,
pato_30stm,1243889310,  ass  ,
MCbutterflyfan,1243901756,  baby  ,
macbella2,1243902218,  lucky  ,
saimin,1243929524,  lucky  ,
DebBennett555,1243930989,  lucky  ,
Siraahh,1243933514,  baby  ,
Raulza08,1243935901,  dog  ,
torilovesbradie,1243936304,  chicken  ,
Fiona_of_Toorak,1243937710,  fellow  ,
ashleigh92,1243939911,  baby  ,
Kyle270,1243940728,  baby  ,
Spidersamm,1243941104,  lucky  ,
Kyle270,1243941320,  baby  ,
ChrisandCal,1243941819,  fuck  ,
Illarane,1243944248,  bitch  ,
dear_gravity,1243947743,  baby  ,
EmilyNatanya,1243948339,  brownie  ,
keren4562,1243948698,  dog  ,
FuchsiaStiletto,1243949553,  baby  ,
SoulAfrodisiac,1244001012,  butt  ,
shaunau,1244001251,  fuck  ,
youngnik718,1244008886,  baby  ,
Fefi_Doesit,1244009015,  ass  ,
Viki_T,1244011549,  baby  ,
Scyranth,1244012643,  baby  ,
Scyranth,1244013864,  baby  ,
Scyranth,1244018926,  baby  ,
JonnyBlueLove,1244020174,  lucky  ,
Dutchrudder,1244023956,  baby  ,
LMStellaPR,1244024810,  fish  ,
priscx,1244026528,  baby  ,
alovesosinful,1244040838,  baby  ,
dontforgetchaos,1244141669,  chicken  ,
Dutchrudder,1244217060,  fuck  ,
Dutchrudder,1244218408,  bastard    bitch  ,
hollyalyxfinch,1244220586,  baby  ,
stevegarufi,1244240380,  ass  ,
Spite1977,1244247321,  balls  ,
madeofmilk,1244249488,  baby  ,
macbella2,1244254570,  cow  ,
angela_woo,1244261028,  sack  ,
megspeaks,1244264806,  baby  ,
TomboyTigress,1244265052,  fucker  ,
omgitsrosa,1244273846,  baby  ,
Dutchrudder,1244277845,  baby  ,
Dutchrudder,1244279397,  cunt  ,
Dutchrudder,1244282273,  baby  ,
lovejeylee,1244282551,  ass  ,
richieandbaby,1244284454,  baby  ,
thehousedog,1244286619,  dog  ,
Chad_Lad,1244287833,  ass  ,
BBRRIITTTTYY,1244296173,  baby  ,
Lottie93,1244299048,  bum  ,
JBnVFCLover786,1244303363,  lucky  ,
dontforgetchaos,1244304264,  lucky  ,
weeps,1244307358,  ghost    ghost  ,
gummibunny24,1244310440,  ass  ,
thehousedog,1244315415,  dog  ,
moirarogersbree,1244321844,  baby  ,
Eternity87,1244322935,  ass  ,
torierskine,1244329120,  fellow  ,
MTVnHollyWEST23,1244329959,  baby  ,
kenistyles,1244331899,  bastard  ,
CatiaDestine,1244334914,  baby  ,
CatiaDestine,1244339784,  baby  ,
CatiaDestine,1244340032,  baby  ,
spahkleprincess,1244344976,  baby  ,
spahkleprincess,1244346898,  baby  ,
spahkleprincess,1244347013,  baby  ,
spahkleprincess,1244347370,  ass  ,
gummibunny24,1244350039,  ass  ,
MTVnHollyWEST23,1244355686,  baby  ,
Chad_Lad,1244365168,  liar  ,
thehousedog,1244365814,  dog  ,
fjkeogh,1244366184,  devil  ,
felicityfuller,1244376415,  dog  ,
JBnVFCLover786,1244383662,  lucky  ,
JAbarbie,1244384150,  lucky  ,
hollyalyxfinch,1244388983,  baby  ,
sayhaybeca,1244390215,  dog  ,
Chad_Lad,1244393115,  ass  ,
ozziethesaint,1244395312,  lucky  ,
kenistyles,1244395932,  balls    balls  ,
lizvengeance,1244396783,  original  ,
jenbshaw,1244397999,  baby  ,
RoxanneHeeey,1244398354,  nobody  ,
MCbutterflyfan,1244400943,  ghost  ,
MCbutterflyfan,1244403633,  baby    baby  ,
DaisyFab,1244405223,  baby  ,
JBnVFCLover786,1244407067,  lucky  ,
MCbutterflyfan,1244408063,  baby  ,
MTVnHollyWEST23,1244408178,  lucky  ,
Bosslady82504,1244409538,  baby  ,
fitprosarah,1244411838,  ass  ,
RochelleVeturis,1244412834,  ghost  ,
CandaceDerickx,1244427403,  nobody  ,
AaliyahLove69,1244433107,  lucky  ,
BBRRIITTTTYY,1245053932,  homo  ,
kat_n,1245057400,  lucky  ,
biavegas,1245061065,  pack  ,
biavegas,1245063465,  pack  ,
QueenBxoxo,1245064187,  fuck  ,
rbuerckner,1245065048,  dog  ,
Kyle270,1245066751,  baby  ,
Kyle270,1245067474,  baby  ,
Kyle270,1245067726,  baby  ,
Spite1977,1245077374,  ass  ,
barrie,1245090859,  dog  ,
seekingwolf,1245100495,  original  ,
thepetshopboy,1245111203,  fake  ,
JBnVFCLover786,1245111692,  lucky  ,
_writersblock_,1245116996,  ass  ,
sfgiantsgirl,1245120144,  lucky  ,
MsJuicy313,1245125973,  slave  ,
Secret_wealth,1245128622,  whore  ,
Secret_wealth,1245128865,  whore  ,
thedirtydb,1245134891,  motherfucker  ,
1026travito,1245134902,  ass  ,
AaliyahLove69,1245136814,  fuck    ass  ,
spwc,1245139693,  square  ,
jadecraven,1245143470,  baby  ,
annehemmings,1245146592,  dog  ,
aussiemcflyfan,1245152269,  baby  ,
aidangutman,1245153984,  baby  ,
SallytheShizzle,1245164817,  baby  ,
firesty,1245165138,  baby  ,
monster  ,
SinnamonLove,1243837049,  devil  ,
iSukk,1243837535,  square  ,
lizamtl,1243838127,  fish  ,
pleasebemine,1243838266,  lucky  ,
ElectricBabe,1243840791,  lucky  ,
torilovesbradie,1243845817,  swine  ,
scodal,1243850168,  idiot  ,
SmileyRose,1243851142,  monster  ,
SmileyRose,1243851534,  monster  ,
Kyle270,1243851756,  baby  ,
Kyle270,1243852507,  baby  ,
ashleigh92,1243853572,  baby  ,
Scyranth,1243853591,  baby  ,
rachelfarrall,1243854088,  ass  ,
Kyle270,1243854287,  baby  ,
Kyle270,1243855654,  baby  ,
SusieSprinkle,1243860977,  freak  ,
Kaydeescrafts,1243864101,  bitch  ,
LMStellaPR,1243864841,  dog  ,
Kyle270,1243866277,  baby  ,
tawnykw,1243870504,  lucky  ,
ashleigh92,1243872471,  baby  ,
GlennW,1243872939,  monkey  ,
LaChicaPreciosa,1243873791,  baby  ,
RubMyDucky,1243876340,  fellow  ,
MishGoddess,1243878388,  lucky  ,
ryanr09,1243879357,  dog  ,
rehes,1243880196,  baby  ,
Vered_H,1243880940,  baby  ,
hannahnicklin,1243884682,  bugger  ,
Theguyoverthere,1243885891,  hippie  ,
wowshaggy,1243886010,  chicken  ,
hannahkin,1243888218,  lucky  ,
pato_30stm,1243889310,  ass  ,
mattmaloney,1243895713,  cunt  ,
LeoWolfe,1243899327,  snake  ,
MCbutterflyfan,1243901756,  baby  ,
macbella2,1243902218,  lucky  ,
SuperBratty,1243908641,  ass  ,
ChampagneRDub,1243919977,  fuck  ,
imnangl,1243922171,  killer  ,
lamere,1243922911,  pack  ,
aphrodaisy,1243928535,  baby  ,
saimin,1243929524,  lucky  ,
DebBennett555,1243930989,  lucky  ,
Siraahh,1243933514,  baby  ,
Raulza08,1243935901,  dog  ,
torilovesbradie,1243936304,  chicken  ,
cloverdash,1243937453,  square  ,
Fiona_of_Toorak,1243937710,  fellow  ,
ashleigh92,1243939911,  baby    bitch  ,
Kyle270,1243940728,  baby  ,
Spidersamm,1243941104,  lucky  ,
Kyle270,1243941320,  baby  ,
ChrisandCal,1243941819,  fuck  ,
Illarane,1243944248,  bitch  ,
dear_gravity,1243947743,  baby  ,
EmilyNatanya,1243948339,  brownie  ,
keren4562,1243948698,  dog  ,
FuchsiaStiletto,1243949553,  baby  ,
ceetee,1243964025,  bugger  ,
JelliAbaby,1243966440,  witch  ,
annzoo,1243967429,  fart  ,
Glossophobia,1243992903,  lucky  ,
SoulAfrodisiac,1244001012,  butt  ,
shaunau,1244001251,  fuck  ,
youngnik718,1244008886,  baby  ,
Fefi_Doesit,1244009015,  ass  ,
fridley,1244010109,  ass  ,
Viki_T,1244011549,  baby  ,
Scyranth,1244012643,  baby  ,
Scyranth,1244013864,  baby  ,
SinnamonLove,1244015397,  devil  ,
kimalojado,1244015425,  killer  ,
TraceyMmm,1244016476,  swine  ,
curlydena,1244017115,  pack  ,
alex_vance,1244018190,  fuck  ,
Scyranth,1244018926,  baby  ,
Soph4Soph,1244019508,  baby  ,
JonnyBlueLove,1244020174,  lucky  ,
Dutchrudder,1244023956,  baby  ,
LMStellaPR,1244024810,  fish  ,
priscx,1244026528,  baby  ,
Kyle270,1244028351,  baby  ,
alovesosinful,1244040838,  baby  ,
dontforgetchaos,1244141669,  chicken  ,
Dutchrudder,1244216659,  fuck  ,
Dutchrudder,1244217060,  fuck  ,
Dutchrudder,1244218408,  bastard    bastard    bitch  ,
looktwice_,1244218833,  bitch  ,
hollyalyxfinch,1244220586,  baby  ,
FTSKBrittanyy,1244227803,  baby  ,
pooda,1244228040,  fuck  ,
WhoaOhHana,1244239157,  lucky  ,
stevegarufi,1244240380,  ass    baby  ,
glasswentsmash,1244243791,  fuck  ,
ambersengupta,1244246232,  fake  ,
Spite1977,1244247321,  balls  ,
madeofmilk,1244249488,  baby  ,
macbella2,1244254570,  cow  ,
angela_woo,1244261028,  sack  ,
megspeaks,1244261487,  balls  ,
megspeaks,1244264806,  baby  ,
TomboyTigress,1244265052,  fucker  ,
omgitsrosa,1244273846,  baby    shark  ,
Dutchrudder,1244277845,  baby  ,
Karen230683,1244278310,  monster  ,
epcotx,1244278942,  fellow  ,
Dutchrudder,1244279397,  cunt  ,
felicityfuller,1244279532,  pack  ,
fuckz,1244279542,  fuck  ,
mydefpony,1244281822,  bum  ,
Dutchrudder,1244282273,  baby  ,
lovejeylee,1244282551,  ass  ,
richieandbaby,1244284454,  baby  ,
chopsuey2e,1244286617,  dog  ,
thehousedog,1244286619,  dog  ,
Chad_Lad,1244287833,  ass  ,
Extremo,1244289764,  fuck  ,
BBRRIITTTTYY,1244296173,  baby  ,
Lottie93,1244299048,  bum  ,
maryrivss,1244299991,  brownie  ,
fjkeogh,1244302858,  dog  ,
JBnVFCLover786,1244303363,  lucky  ,
dontforgetchaos,1244304264,  lucky  ,
blueautopsy,1244305101,  baby  ,
CharleneBx,1244306541,  baby  ,
weeps,1244307358,  ghost  ,
gummibunny24,1244310440,  ass  ,
thehousedog,1244315415,  dog  ,
moirarogersbree,1244321844,  baby  ,
Eternity87,1244322935,  ass  ,
Quimo,1244323052,  fish  ,
torierskine,1244329120,  fellow  ,
MTVnHollyWEST23,1244329959,  baby  ,
nikcz,1244330470,  ass  ,
xAllThatRemains,1244330697,  chicken  ,
kenistyles,1244331899,  bastard    bastard  ,
CatiaDestine,1244334914,  baby  ,
takingnames,1244338338,  fuck  ,
CatiaDestine,1244339784,  baby  ,
CatiaDestine,1244340032,  baby  ,
MzDom,1244343159,  baby  ,
spahkleprincess,1244344976,  baby  ,
spahkleprincess,1244346898,  baby  ,
spahkleprincess,1244347013,  baby  ,
spahkleprincess,1244347370,  ass  ,
gummibunny24,1244350039,  ass  ,
MTVnHollyWEST23,1244355686,  baby  ,
reinaleilani,1244358938,  baby  ,
funkyfairy24,1244360249,  baby  ,
EricaSanti17501,1244360254,  fuck  ,
FashionGuru,1244360355,  bitch  ,
Chad_Lad,1244365168,  liar  ,
thehousedog,1244365814,  dog  ,
fjkeogh,1244366184,  devil  ,
BBRRIITTTTYY,1244369629,  bitch  ,
Ioan_Said,1244370160,  dog  ,
felicityfuller,1244376415,  dog  ,
tigerarmy,1244379058,  fake  ,
JBnVFCLover786,1244383662,  lucky  ,
JAbarbie,1244384150,  lucky  ,
therealjeko,1244387779,  lucky  ,
hollyalyxfinch,1244388983,  baby  ,
sayhaybeca,1244390215,  dog    fucker  ,
bitchville,1244391418,  dog  ,
Chad_Lad,1244393115,  ass  ,
vanxiaoyi,1244393128,  lucky  ,
ozziethesaint,1244395312,  lucky  ,
kenistyles,1244395932,  balls  ,
lizvengeance,1244396783,  original  ,
jenbshaw,1244397999,  baby  ,
FugaziPatrol,1244398235,  clown  ,
RoxanneHeeey,1244398354,  nobody  ,
MCbutterflyfan,1244400943,  ghost  ,
Ilkee,1244402535,  idiot  ,
MCbutterflyfan,1244403633,  baby  ,
DaisyFab,1244405223,  baby  ,
FugaziPatrol,1244406093,  clown  ,
JBnVFCLover786,1244407067,  lucky  ,
MCbutterflyfan,1244408063,  baby  ,
MTVnHollyWEST23,1244408178,  lucky  ,
FugaziPatrol,1244408942,  clown  ,
FugaziPatrol,1244409298,  clown  ,
Bosslady82504,1244409538,  baby  ,
FugaziPatrol,1244410757,  clown  ,
fitprosarah,1244411838,  ass  ,
RochelleVeturis,1244412834,  ghost  ,
Momto3blessings,1244426929,  fish  ,
CandaceDerickx,1244427403,  nobody  ,
JeJa6,1244430895,  baby  ,
brookie949,1244432739,  ass  ,
AaliyahLove69,1244433107,  lucky  ,
chynagyrl1980,1245043654,  lucky  ,
velmadaria,1245046566,  lucky  ,
BBRRIITTTTYY,1245053932,  homo  ,
xoxmillyxox,1245054634,  baby  ,
kat_n,1245057400,  lucky  ,
biavegas,1245061065,  pack  ,
biavegas,1245063465,  pack  ,
QueenBxoxo,1245064187,  fuck  ,
rbuerckner,1245065048,  dog  ,
Kyle270,1245066519,  baby  ,
Kyle270,1245066751,  baby  ,
Kyle270,1245067474,  baby  ,
Kyle270,1245067726,  baby  ,
Kyle270,1245074500,  baby  ,
Spite1977,1245077374,  ass  ,
x_sybiiiiil,1245084262,  fuck  ,
SarahLovesJls,1245089896,  butt  ,
barrie,1245090859,  dog  ,
kenistyles,1245090995,  ass    bitch  ,
seekingwolf,1245100495,  original  ,
tinali89,1245108180,  lucky  ,
thepetshopboy,1245111203,  fake  ,
JBnVFCLover786,1245111692,  lucky  ,
hypnotiiql0ve,1245112883,  baby  ,
Buildabear96,1245113610,  lucky  ,
MsStaceyK,1245115669,  fuck  ,
_writersblock_,1245116996,  ass  ,
sfgiantsgirl,1245120144,  lucky  ,
CanadianGirl31,1245120637,  baby  ,
FuckBetty,1245122212,  pack  ,
Killaya,1245124039,  lucky  ,
MsJuicy313,1245125973,  slave  ,
Stephie_Queen,1245128608,  bitch  ,
Secret_wealth,1245128622,  whore  ,
Secret_wealth,1245128865,  whore  ,
SarahMorrison,1245132358,  baby  ,
thedirtydb,1245134891,  motherfucker  ,
1026travito,1245134902,  ass  ,
AaliyahLove69,1245136814,  ass    fuck  ,
spwc,1245139693,  square  ,
jadecraven,1245143470,  baby  ,
noahcyruus,1245145124,  fake  ,
annehemmings,1245146592,  dog  ,
aussiemcflyfan,1245152269,  baby  ,
aidangutman,1245153984,  baby  ,
bitchville,1245157583,  whore  ,
Shinybiscuit,1245161827,  nobody  ,
SallytheShizzle,1245164817,  baby  ,
firesty,1245165138,  baby  ,
