nuttychris,1240143798,  whore  ,
nuttychris,1240146835,  monkey  ,
VerdyBaby,1242581428,  baby  ,
shania_18,1242586049,  dog  ,
VIVA_LA_SUE_SUE,1242605226,  dog  ,
BJ_Loves_U_Too,1242640325,  ass  ,
Kyle270,1242993518,  baby  ,
misskatiemarie,1243574178,  killer  ,
misskatiemarie,1243574302,  killer  ,
misskatiemarie,1243574423,  killer  ,
SturmDM,1243623195,  square  ,
thatlass,1243628718,  dog  ,
mrs_mcsupergirl,1243630556,  ass  ,
joeboyfresh,1243709386,  fuck  ,
whitmcclellan,1243725590,  dog  ,
jave92,1243726600,  cunt    fuck  ,
MissMeggyDee,1243747488,  fake  ,
zoesalbahe,1243748100,  dog  ,
SallytheShizzle,1243754889,  swine  ,
zoesalbahe,1243759163,  dog  ,
ohn0es,1243778104,  baby  ,
iAmTarynItUp,1243779615,  original  ,
Mr_McFox,1243813379,  baby  ,
mrs_mcsupergirl,1243838603,  fake  ,
pato_30stm,1243839787,  lucky  ,
blitzkilla,1243845426,  fuck  ,
iAmTarynItUp,1243862223,  ass  ,
Kyle270,1243874643,  baby  ,
iAmTarynItUp,1243887946,  ass  ,
staceemcfly,1243893523,  fuck  ,
pato_30stm,1243903809,  dreamer  ,
pato_30stm,1243904004,  dreamer  ,
irockCapo,1243924917,  dog  ,
irockCapo,1243954942,  fuck  ,
Sellyx,1243962534,  dog  ,
raynaputi,1244050538,  baby  ,
LizzieyTish,1244240978,  fuck  ,
alexrapa,1244283100,  fuck  ,
JoacoRodini,1244287602,  dog  ,
djtechnasty,1244291502,  nobody  ,
Poynter_Jones_x,1244317095,  dinosaur  ,
TheyCallMeLes,1244334704,  bitch  ,
Mz_SheenaBaby,1244340038,  ass  ,
kennypham,1244379656,  nobody  ,
wolfpackbask13,1244384900,  baby  ,
hollyalyxfinch,1244384992,  baby  ,
Fluffy_Cupycake,1244425100,  fuck  ,
MsStaceyK,1244426987,  devil    fuck  ,
1eighton,1245060106,  fake  ,
1eighton,1245060151,  fake  ,
dianaaanguyen,1245116842,  bitch  ,
SpanishKabob,1245121003,  chicken  ,
mariexlove,1245127721,  lucky  ,
Lizfig3,1245163001,  dog  ,
attyattygyal,1245234407,  baby  ,
Ayla_F,1245265342,  pack  ,
AdubbFFamous,1245278680,  bitch  ,
CanadianGirl31,1245290586,  baby  ,
Kelndan,1245301866,  lucky  ,
macbella2,1245355734,  butt  ,
QueenBxoxo,1245405420,  lucky  ,
aussiemcflyfan,1245405609,  dog  ,
aussiemcflyfan,1245407524,  dog  ,
aussiemcflyfan,1245410883,  dog  ,
andie_12,1245454538,  devil    monkey  ,
Emelycuellarr,1245457564,  butt    dog  ,
ITsZxKIMMIE,1245469821,  dog  ,
mrcelebrity,1245473272,  fellow  ,
Stephie_Queen,1245484913,  ass    fuck  ,
Stephie_Queen,1245486711,  baby  ,
molly_97,1245522266,  swine  ,
molly_97,1245522529,  swine  ,
D_AMAZIN,1245534861,  ass  ,
fefeemcfly,1245535393,  baby  ,
uyennguyen_,1245556057,  retard  ,
NeurotikAbn,1245567350,  bitch  ,
theguiltshow,1245572465,  baby  ,
othbugs,1245582140,  fake  ,
theguiltshow,1245597547,  baby  ,
FLYCHICK89,1245910035,  dog  ,
StDAY,1239088445,  nobody  ,
MrTHill,1239093857,  fish  ,
revjesse,1239098303,  idiot  ,
MetroBoy,1239101682,  ape  ,
flamingokitty,1239103186,  ghost  ,
Mildredo,1239105588,  fake  ,
smartestgames,1239109477,  balls  ,
Djalfy,1240031233,  ghost  ,
DWsRoseC,1240099434,  dog  ,
spyke2008,1240114020,  dog  ,
redchinese19,1240121263,  fuck  ,
ashleymiranda1,1240121263,  ass  ,
Ps8612,1240121855,  dog  ,
GucciLipgloss,1240123647,  baby  ,
rj,1240125472,  fuck  ,
kasey79,1240132109,  lucky  ,
monnie,1240133282,  baby  ,
shutupmeg,1240140183,  fuck  ,
Moonflowerchild,1240140481,  fuck  ,
SarahSaner,1240141111,  arse  ,
nuttychris,1240148339,  gorilla  ,
nuttychris,1240148370,  gorilla    pig  ,
MrsMcFlyGrimmy,1240155301,  chicken  ,
gummibunny24,1240208553,  baby  ,
KingNalima,1240208882,  fuck  ,
HolyCowFC,1240211571,  cow  ,
keza34,1240212793,  dog  ,
torilovesbradie,1240216667,  bum    lucky  ,
nuttychris,1240217590,  bitch  ,
Squishtof,1240223309,  balls  ,
MandyPandy32,1240223311,  baby  ,
redchinese19,1240226632,  fuck  ,
Dogbook,1240231482,  baby  ,
loucan,1240232076,  dog  ,
bitchville,1240236592,  fuck  ,
xo_Mikaela_xo,1240237209,  devil  ,
loucan,1240238112,  dog  ,
Dutchrudder,1240300525,  fish  ,
boagworld,1240303239,  rowdy  ,
Hollywood_Trey,1240304766,  lucky  ,
revjesse,1240305653,  baby  ,
Dutchrudder,1240305941,  dog  ,
bigenya,1240306895,  baby  ,
loucan,1240308117,  dog  ,
loucan,1240309583,  dog  ,
sebby_peek,1241235652,  baby  ,
aussiemcflyfan,1241237727,  baby  ,
NKOTBFlamesFan,1241238933,  ass  ,
JaydDragyn,1241242274,  whore  ,
Djalfy,1241247356,  ass  ,
SUGARvampchick,1241247638,  baby  ,
shen_nanigans,1241251261,  homo  ,
woodsybaby,1241253681,  fellow  ,
Dutchrudder,1241255486,  baby  ,
MelissaWOOF,1241257030,  gorilla  ,
clarisseee,1241259136,  swine  ,
Emmmaa___,1241259424,  baby  ,
twebbstack,1241262682,  lucky  ,
PinkElephant73,1241265458,  fish  ,
shaunau,1241266626,  bastard    bastard  ,
JustJamie,1241269345,  whore  ,
Jodz101,1241281124,  ghost  ,
angielaaa,1241285907,  baby  ,
hollyalyxfinch,1241288309,  lucky    square  ,
cloverdash,1241293990,  criminal  ,
h2o_x,1241294599,  arse  ,
maryxalicexhale,1241327032,  ass  ,
xo_Mikaela_xo,1241333070,  lucky  ,
kasey79,1241333716,  lucky  ,
HeartBreakV,1241340097,  ass  ,
blasha,1241342475,  lucky  ,
SmashMe_EraseMe,1241348846,  baby    fuck  ,
LyndseyJayne,1241349745,  lucky  ,
kellynnchan,1241358880,  bitch  ,
PoynterJones,1241364669,  lucky  ,
ShesElectric_,1241364956,  fellow  ,
sebby_peek,1241403373,  baby  ,
coliwilso,1241411814,  arse  ,
Spidersamm,1241417222,  butt  ,
bkGirlFriday,1241421432,  original  ,
Dutchrudder,1241425638,  cunt    fuck  ,
jaybranch,1241428980,  drinker  ,
krapposelli,1241438602,  ass  ,
mcraddictal,1241439502,  lucky  ,
Joseph1391,1241922045,  bitch  ,
lazy_vLF,1241928388,  baby  ,
PinkElephant73,1241930502,  fish  ,
Quimo,1241936231,  original  ,
aussiemcflyfan,1241939242,  lucky  ,
LostMarilyn,1241943707,  bugger  ,
twebbstack,1241946717,  fuck  ,
Tanya_xO,1241950974,  butt  ,
NGowers,1241955206,  lucky  ,
ArieleMoonfire,1241958782,  baby  ,
Dogbook,1241964522,  baby  ,
iamdahsar,1241971467,  baby  ,
MCbutterflyfan,1242011500,  baby  ,
is_selene,1242013004,  chicken  ,
TynzBoomPow,1242286911,  dog  ,
pdaonline,1242288388,  chicken  ,
normaltusker,1242288413,  original  ,
stevieg69,1242291984,  minx  ,
KatyHarwood01,1242296225,  baby  ,
TobyHart,1242299857,  baby  ,
Kyle270,1242301317,  baby  ,
Frassington,1242304680,  baby  ,
moanyboot,1242305571,  bitch  ,
RayTNartey,1242307392,  baby  ,
ChaosAD,1242308870,  monkey  ,
Yushimi,1242535810,  bum    lucky  ,
rbflygal,1242538180,  dog  ,
judez_xo,1242541543,  baby  ,
Dutchrudder,1242547510,  fuck  ,
Anime81,1242555375,  original  ,
janine_j9,1242565002,  baby  ,
KrisColvin,1242567442,  rowdy  ,
firesty,1242570158,  baby  ,
BitchenFries,1242574663,  pig  ,
MTVnHollyWEST23,1242582777,  pack  ,
Dutchrudder,1242583015,  whore  ,
Dutchrudder,1242583209,  dog  ,
gummibunny24,1242584504,  baby  ,
Dutchrudder,1242585360,  dog  ,
janine_j9,1242585688,  gangster  ,
Ayla_F,1242586547,  fish  ,
Dutchrudder,1242586737,  baby    dog  ,
chachada1,1242628235,  ass  ,
imjoie,1242634005,  fart  ,
nettyp,1242638026,  fuck  ,
Dutchrudder,1242638973,  baby  ,
primatage,1242639106,  retard  ,
curlydena,1242639123,  chicken  ,
xoxmillyxox,1242639336,  baby  ,
Kyle270,1242642969,  baby  ,
Kyle270,1242643453,  baby  ,
snipeyhead,1242643688,  nobody  ,
Dutchrudder,1242643962,  sack  ,
exortabreedoll,1242644449,  baby  ,
crazytwism,1242644537,  fake  ,
oinkflu,1242645025,  swine  ,
MrsGabrielGray_,1242645528,  asshole  ,
loris_sl,1242646228,  dog  ,
Jennaidh,1242648560,  chicken  ,
hollyalyxfinch,1242650128,  lucky  ,
trouble182,1242650509,  fanny  ,
alyssacee,1242651109,  chicken  ,
nettyp,1242653330,  whore  ,
Stephanya,1242976724,  baby  ,
gregeliason,1242979232,  monkey  ,
sprinkles_,1242979235,  chicken  ,
whatswhat_sian,1242983610,  dog  ,
krist0ph3r,1242985652,  fake  ,
joyfulspiritpho,1242986606,  dog  ,
Joseph1391,1242986723,  dog  ,
Hyperopia,1242987470,  baby  ,
joyfulspiritpho,1242990125,  dog  ,
Kyle270,1242991684,  baby  ,
ashleigh92,1242996651,  baby  ,
torilovesbradie,1242996651,  lucky  ,
torilovesbradie,1242996773,  chicken  ,
tinamillergolf,1242997248,  baby  ,
kellz326,1243000129,  baby  ,
joannebryce,1243000773,  lucky  ,
PrincessSakura,1243001016,  witch  ,
4boys4now,1243001989,  monkey  ,
ktkeroscene,1243003086,  dog  ,
DaisyFab,1243003932,  ass  ,
stevegarufi,1243004632,  pig  ,
Alska,1243006115,  lucky  ,
Woody_in_MK,1243006714,  lucky  ,
MsJerzi,1243006958,  baby  ,
luckygnahhh,1243402270,  bitch  ,
Djalfy,1243403963,  ass  ,
bdotsmittybaby,1243404711,  bitch  ,
SallytheShizzle,1243569990,  swine  ,
FashionGuru,1243571549,  nobody  ,
smiles4dayyz,1243575154,  jerk  ,
joeboyfresh,1243576855,  fuck  ,
mella02,1243578317,  baby  ,
Mcrkidd,1243580016,  bandit  ,
karinb_za,1243581474,  original  ,
SinnamonLove,1243581823,  baby  ,
torilovesbradie,1243583637,  baby  ,
Marquise21,1243584715,  baby  ,
DaisyFab,1243585432,  balls  ,
Dutchrudder,1243585782,  baby  ,
Soph4Soph,1243585884,  balls  ,
Dutchrudder,1243608372,  fish  ,
whatswhat_sian,1243608837,  dog  ,
SUGARvampchick,1243608838,  idiot  ,
shutupmeg,1243613665,  chicken  ,
jessiiemcfly,1243613789,  fuck  ,
JeremyCShipp,1243624761,  lucky  ,
jennypoynter,1243628034,  balls  ,
iAmTarynItUp,1243630331,  nobody  ,
kat_n,1243632154,  stripper  ,
Tyrone17,1243632882,  fuck  ,
SongoftheOss,1243633973,  bugger  ,
Arti_Sodmg,1243634605,  homo  ,
BBRRIITTTTYY,1243636817,  dog  ,
hollyalyxfinch,1243637190,  baby  ,
SUGARvampchick,1243646727,  bitch  ,
tommyreyes,1243652351,  ass  ,
VerdyBaby,1243656828,  baby  ,
Ricadym3diva,1243661647,  ass    fish  ,
carlacharisse,1243663241,  rat  ,
devindennis,1243664880,  ghost  ,
VerdyBaby,1243665762,  baby  ,
JustJayde,1243666562,  lucky  ,
luckygnahhh,1243667189,  ass  ,
ianibbo,1243669158,  cow  ,
mel95,1243669269,  ghost  ,
leebo,1243671543,  unlike  ,
lisisilveira,1243673705,  goose  ,
Tyrone17,1243673713,  freak  ,
mr_apollo,1243674700,  ass  ,
SongoftheOss,1243675981,  lucky  ,
ArieleMoonfire,1243676482,  freak  ,
mel95,1243677217,  baby  ,
so_zwitschert,1243678671,  chicken  ,
blath,1243678878,  dog  ,
Chad_Lad,1243679817,  cow  ,
Spidersamm,1243681395,  bitch  ,
xamylouise,1243684559,  fuck  ,
OUBad,1243684901,  bitch  ,
tannwick,1243685642,  chicken  ,
maryrivss,1243687342,  dog  ,
nessie_111,1243687822,  gorilla  ,
circlingdown,1243694099,  liar  ,
ahmier,1243697725,  fake  ,
SimplyMe28,1243698933,  ass  ,
ninnoart,1243699888,  freak  ,
C_Joy,1243701079,  lucky  ,
CC_Cassin,1243702667,  pirate  ,
JessMcFlyxxx,1243703273,  lucky  ,
jaysellshm,1243703509,  square  ,
mr_apollo,1243703748,  ass  ,
mr_apollo,1243703875,  fuck  ,
mr_apollo,1243705831,  fuck  ,
Willbeatz01,1243706557,  devil  ,
chantellmarie,1243711126,  baby  ,
luckygnahhh,1243711256,  baby  ,
thepete,1243715364,  balls  ,
CC_Cassin,1243715711,  lucky  ,
baldeggie,1243717513,  ass  ,
lizvengeance,1243719813,  ass  ,
Tyrone17,1243719829,  fake  ,
LuvTwilight1632,1243721273,  butt  ,
AceMas21,1243722220,  dog  ,
DaReal_KEEKSZ,1243725244,  baby  ,
funkyfairy24,1243727164,  baby  ,
favoritemelody,1243727640,  chicken  ,
pdurham,1243727785,  ass  ,
hollyhalvorsen,1243728013,  butt  ,
ArieleMoonfire,1243728243,  cow  ,
Willbeatz01,1243728498,  devil  ,
judez_xo,1243728845,  grumpy  ,
kgascoine,1243729463,  lucky  ,
Heatherquest,1243734532,  bitch  ,
nikcz,1243735213,  ass  ,
shutupmeg,1243735694,  fuck  ,
staceemcfly,1243739197,  killer  ,
MCbutterflyfan,1243741494,  dog  ,
Richochet,1243743069,  dog    lucky  ,
shutupmeg,1243743074,  fuck  ,
rehes,1243745962,  ass  ,
Quimo,1243746091,  monster  ,
queend329,1243747044,  bitch  ,
lisisilveira,1243747659,  lucky  ,
endlessblush,1243748973,  lucky  ,
abbychang,1243750295,  jerk  ,
tsarnick,1243751622,  donkey  ,
ladyspeaker,1243751741,  brownie  ,
shermincheong,1243751747,  fish  ,
neosolrkstr,1243753428,  lucky  ,
HappyCassie,1243754175,  dog    nobody  ,
Sidney96,1243754656,  lucky    unlike  ,
blitzkilla,1243755727,  ass  ,
chantellmarie,1243755968,  ass  ,
epcotx,1243756422,  fellow  ,
DaisyFab,1243756437,  fuck    original  ,
Mia_R,1243757424,  baby  ,
Mia_R,1243757532,  chicken    frog  ,
khughes94,1243759435,  chicken  ,
blitzkilla,1243761384,  ass    fuck  ,
Willbeatz01,1243761588,  devil  ,
kiannabanks,1243761937,  freak  ,
AreonLee,1243765694,  dog  ,
Shannen94,1243766547,  dog  ,
x3missLautner,1243769657,  original  ,
Luvschweetheart,1243772698,  lucky  ,
Mia_R,1243774547,  lucky  ,
rorambenjimouse,1243777899,  fuck  ,
SongoftheOss,1243778755,  fish  ,
FrunkityMidori,1243778759,  lucky  ,
AnalystAlterEgo,1243779113,  lucky  ,
annedaigler9,1243779586,  baby  ,
Willbeatz01,1243779852,  devil  ,
DIYSara,1243779963,  dog  ,
Willbeatz01,1243780199,  devil  ,
showmyface,1243782904,  ass  ,
DonniesGirl69,1243787737,  fuck  ,
rbflygal,1243789048,  fucker  ,
patriciaco,1243790494,  lucky  ,
Quimo,1243790618,  baby  ,
felicityfuller,1243791830,  baby  ,
DonniesGirl69,1243793383,  ass  ,
beckyhope,1243794832,  bitch  ,
alemirandac,1243795435,  lucky  ,
jebulldog117,1243795930,  farmer  ,
AritheMack,1243796898,  ass  ,
NickyMcB,1243798838,  baby  ,
pato_30stm,1243799675,  lucky  ,
DaeHyunKim,1243804379,  lucky  ,
blogdiva,1243807667,  asshole    bitch  ,
Brandieee,1243808019,  asshole    chicken  ,
Soph4Soph,1243810684,  dumbo  ,
TobyHart,1243810684,  fuck  ,
renmiu,1243814520,  fake  ,
rbflygal,1243814888,  ass  ,
likethedisease,1243816219,  ass  ,
minxkitty,1243817553,  baby  ,
emmaalee,1243821072,  monster  ,
SinnamonLove,1243837049,  devil  ,
iSukk,1243837535,  square  ,
lizamtl,1243838127,  fish  ,
pleasebemine,1243838266,  lucky  ,
ElectricBabe,1243840791,  lucky  ,
torilovesbradie,1243845817,  swine  ,
scodal,1243850168,  idiot  ,
SmileyRose,1243851142,  monster  ,
SmileyRose,1243851534,  monster  ,
Kyle270,1243851756,  baby  ,
Kyle270,1243852507,  baby  ,
ashleigh92,1243853572,  baby  ,
Scyranth,1243853591,  baby  ,
rachelfarrall,1243854088,  ass  ,
Kyle270,1243854287,  baby  ,
Kyle270,1243855654,  baby  ,
SusieSprinkle,1243860977,  freak  ,
Kaydeescrafts,1243864101,  bitch  ,
LMStellaPR,1243864841,  dog  ,
Kyle270,1243866277,  baby  ,
tawnykw,1243870504,  lucky  ,
ashleigh92,1243872471,  baby  ,
GlennW,1243872939,  monkey  ,
LaChicaPreciosa,1243873791,  baby  ,
RubMyDucky,1243876340,  fellow  ,
MishGoddess,1243878388,  lucky  ,
ryanr09,1243879357,  dog  ,
rehes,1243880196,  baby  ,
Vered_H,1243880940,  baby  ,
hannahnicklin,1243884682,  bugger  ,
Theguyoverthere,1243885891,  hippie  ,
wowshaggy,1243886010,  chicken  ,
hannahkin,1243888218,  lucky  ,
pato_30stm,1243889310,  ass  ,
mattmaloney,1243895713,  cunt  ,
LeoWolfe,1243899327,  snake  ,
MCbutterflyfan,1243901756,  baby  ,
macbella2,1243902218,  lucky  ,
SuperBratty,1243908641,  ass  ,
ChampagneRDub,1243919977,  fuck  ,
imnangl,1243922171,  killer  ,
lamere,1243922911,  pack  ,
aphrodaisy,1243928535,  baby  ,
saimin,1243929524,  lucky  ,
DebBennett555,1243930989,  lucky  ,
Siraahh,1243933514,  baby  ,
Raulza08,1243935901,  dog  ,
torilovesbradie,1243936304,  chicken  ,
cloverdash,1243937453,  square  ,
Fiona_of_Toorak,1243937710,  fellow  ,
ashleigh92,1243939911,  baby    bitch  ,
Kyle270,1243940728,  baby  ,
Spidersamm,1243941104,  lucky  ,
Kyle270,1243941320,  baby  ,
ChrisandCal,1243941819,  fuck  ,
Illarane,1243944248,  bitch  ,
dear_gravity,1243947743,  baby  ,
EmilyNatanya,1243948339,  brownie  ,
keren4562,1243948698,  dog  ,
FuchsiaStiletto,1243949553,  baby  ,
ceetee,1243964025,  bugger  ,
JelliAbaby,1243966440,  witch  ,
annzoo,1243967429,  fart  ,
Glossophobia,1243992903,  lucky  ,
SoulAfrodisiac,1244001012,  butt  ,
shaunau,1244001251,  fuck  ,
youngnik718,1244008886,  baby  ,
Fefi_Doesit,1244009015,  ass  ,
fridley,1244010109,  ass  ,
Viki_T,1244011549,  baby  ,
Scyranth,1244012643,  baby  ,
Scyranth,1244013864,  baby  ,
SinnamonLove,1244015397,  devil  ,
kimalojado,1244015425,  killer  ,
TraceyMmm,1244016476,  swine  ,
curlydena,1244017115,  pack  ,
alex_vance,1244018190,  fuck  ,
Scyranth,1244018926,  baby  ,
Soph4Soph,1244019508,  baby  ,
JonnyBlueLove,1244020174,  lucky  ,
Dutchrudder,1244023956,  baby  ,
LMStellaPR,1244024810,  fish  ,
priscx,1244026528,  baby  ,
Kyle270,1244028351,  baby  ,
alovesosinful,1244040838,  baby  ,
dontforgetchaos,1244141669,  chicken  ,
Dutchrudder,1244216659,  fuck  ,
Dutchrudder,1244217060,  fuck  ,
Dutchrudder,1244218408,  bastard    bastard    bitch  ,
looktwice_,1244218833,  bitch  ,
hollyalyxfinch,1244220586,  baby  ,
FTSKBrittanyy,1244227803,  baby  ,
pooda,1244228040,  fuck  ,
WhoaOhHana,1244239157,  lucky  ,
stevegarufi,1244240380,  ass    baby  ,
glasswentsmash,1244243791,  fuck  ,
ambersengupta,1244246232,  fake  ,
Spite1977,1244247321,  balls  ,
madeofmilk,1244249488,  baby  ,
macbella2,1244254570,  cow  ,
angela_woo,1244261028,  sack  ,
megspeaks,1244261487,  balls  ,
megspeaks,1244264806,  baby  ,
TomboyTigress,1244265052,  fucker  ,
omgitsrosa,1244273846,  baby    shark  ,
Dutchrudder,1244277845,  baby  ,
Karen230683,1244278310,  monster  ,
epcotx,1244278942,  fellow  ,
Dutchrudder,1244279397,  cunt  ,
felicityfuller,1244279532,  pack  ,
fuckz,1244279542,  fuck  ,
mydefpony,1244281822,  bum  ,
Dutchrudder,1244282273,  baby  ,
lovejeylee,1244282551,  ass  ,
richieandbaby,1244284454,  baby  ,
chopsuey2e,1244286617,  dog  ,
thehousedog,1244286619,  dog  ,
Chad_Lad,1244287833,  ass  ,
Extremo,1244289764,  fuck  ,
BBRRIITTTTYY,1244296173,  baby  ,
Lottie93,1244299048,  bum  ,
maryrivss,1244299991,  brownie  ,
fjkeogh,1244302858,  dog  ,
JBnVFCLover786,1244303363,  lucky  ,
dontforgetchaos,1244304264,  lucky  ,
blueautopsy,1244305101,  baby  ,
CharleneBx,1244306541,  baby  ,
weeps,1244307358,  ghost  ,
gummibunny24,1244310440,  ass  ,
thehousedog,1244315415,  dog  ,
moirarogersbree,1244321844,  baby  ,
Eternity87,1244322935,  ass  ,
Quimo,1244323052,  fish  ,
torierskine,1244329120,  fellow  ,
MTVnHollyWEST23,1244329959,  baby  ,
nikcz,1244330470,  ass  ,
xAllThatRemains,1244330697,  chicken  ,
kenistyles,1244331899,  bastard    bastard  ,
CatiaDestine,1244334914,  baby  ,
takingnames,1244338338,  fuck  ,
CatiaDestine,1244339784,  baby  ,
CatiaDestine,1244340032,  baby  ,
MzDom,1244343159,  baby  ,
spahkleprincess,1244344976,  baby  ,
spahkleprincess,1244346898,  baby  ,
spahkleprincess,1244347013,  baby  ,
spahkleprincess,1244347370,  ass  ,
gummibunny24,1244350039,  ass  ,
MTVnHollyWEST23,1244355686,  baby  ,
reinaleilani,1244358938,  baby  ,
funkyfairy24,1244360249,  baby  ,
EricaSanti17501,1244360254,  fuck  ,
FashionGuru,1244360355,  bitch  ,
Chad_Lad,1244365168,  liar  ,
thehousedog,1244365814,  dog  ,
fjkeogh,1244366184,  devil  ,
BBRRIITTTTYY,1244369629,  bitch  ,
Ioan_Said,1244370160,  dog  ,
felicityfuller,1244376415,  dog  ,
tigerarmy,1244379058,  fake  ,
JBnVFCLover786,1244383662,  lucky  ,
JAbarbie,1244384150,  lucky  ,
therealjeko,1244387779,  lucky  ,
hollyalyxfinch,1244388983,  baby  ,
sayhaybeca,1244390215,  dog    fucker  ,
bitchville,1244391418,  dog  ,
Chad_Lad,1244393115,  ass  ,
vanxiaoyi,1244393128,  lucky  ,
ozziethesaint,1244395312,  lucky  ,
kenistyles,1244395932,  balls  ,
lizvengeance,1244396783,  original  ,
jenbshaw,1244397999,  baby  ,
FugaziPatrol,1244398235,  clown  ,
RoxanneHeeey,1244398354,  nobody  ,
MCbutterflyfan,1244400943,  ghost  ,
Ilkee,1244402535,  idiot  ,
MCbutterflyfan,1244403633,  baby  ,
DaisyFab,1244405223,  baby  ,
FugaziPatrol,1244406093,  clown  ,
JBnVFCLover786,1244407067,  lucky  ,
MCbutterflyfan,1244408063,  baby  ,
MTVnHollyWEST23,1244408178,  lucky  ,
FugaziPatrol,1244408942,  clown  ,
FugaziPatrol,1244409298,  clown  ,
Bosslady82504,1244409538,  baby  ,
FugaziPatrol,1244410757,  clown  ,
fitprosarah,1244411838,  ass  ,
RochelleVeturis,1244412834,  ghost  ,
Momto3blessings,1244426929,  fish  ,
CandaceDerickx,1244427403,  nobody  ,
JeJa6,1244430895,  baby  ,
brookie949,1244432739,  ass  ,
AaliyahLove69,1244433107,  lucky  ,
chynagyrl1980,1245043654,  lucky  ,
velmadaria,1245046566,  lucky  ,
BBRRIITTTTYY,1245053932,  homo  ,
xoxmillyxox,1245054634,  baby  ,
kat_n,1245057400,  lucky  ,
biavegas,1245061065,  pack  ,
biavegas,1245063465,  pack  ,
QueenBxoxo,1245064187,  fuck  ,
rbuerckner,1245065048,  dog  ,
Kyle270,1245066519,  baby  ,
Kyle270,1245066751,  baby  ,
Kyle270,1245067474,  baby  ,
Kyle270,1245067726,  baby  ,
Kyle270,1245074500,  baby  ,
Spite1977,1245077374,  ass  ,
x_sybiiiiil,1245084262,  fuck  ,
SarahLovesJls,1245089896,  butt  ,
barrie,1245090859,  dog  ,
kenistyles,1245090995,  ass    bitch  ,
seekingwolf,1245100495,  original  ,
tinali89,1245108180,  lucky  ,
thepetshopboy,1245111203,  fake  ,
JBnVFCLover786,1245111692,  lucky  ,
hypnotiiql0ve,1245112883,  baby  ,
Buildabear96,1245113610,  lucky  ,
MsStaceyK,1245115669,  fuck  ,
_writersblock_,1245116996,  ass  ,
sfgiantsgirl,1245120144,  lucky  ,
CanadianGirl31,1245120637,  baby  ,
FuckBetty,1245122212,  pack  ,
Killaya,1245124039,  lucky  ,
MsJuicy313,1245125973,  slave  ,
Stephie_Queen,1245128608,  bitch  ,
Secret_wealth,1245128622,  whore  ,
Secret_wealth,1245128865,  whore  ,
SarahMorrison,1245132358,  baby  ,
thedirtydb,1245134891,  motherfucker  ,
1026travito,1245134902,  ass  ,
AaliyahLove69,1245136814,  ass    fuck  ,
spwc,1245139693,  square  ,
jadecraven,1245143470,  baby  ,
noahcyruus,1245145124,  fake  ,
annehemmings,1245146592,  dog  ,
aussiemcflyfan,1245152269,  baby  ,
aidangutman,1245153984,  baby  ,
bitchville,1245157583,  whore  ,
Shinybiscuit,1245161827,  nobody  ,
SallytheShizzle,1245164817,  baby  ,
firesty,1245165138,  baby  ,
